<modification>
	<name>WPS Импорт XML</name>
	<code>wps-import-xml</code>
	<version>opencart 2.x</version>
	<author>Webpagestudio</author>
	<link>https://webpagestudio.net</link>

	<file path="admin/controller/common/header.php">
		<operation>
			<search><![CDATA[$data['title'] = $this->document->getTitle();]]></search>
			<add position="after">
				<![CDATA[
					$data['is_import_page'] = false;
					if(isset($this->request->get['route']) AND $this->request->get['route'] == 'extension/module/wps_import'){
					  $data['is_import_page'] = true;
					}
				]]>
     		 </add>
		</operation>
	</file>
	<file path="admin/view/template/common/header.tpl">
		<operation>
			<search><![CDATA[<script type="text/javascript" src="view/javascript/jquery/jquery-]]></search>
			<add position="replace"><![CDATA[<?php if($is_import_page){echo '<script type="text/javascript" src="view/javascript/jquery/jquery-1.9.1.min.js"></script>';}else{echo '<script type="text/javascript" src="view/javascript/jquery/jquery-'; ?>]]></add>
		</operation>
		<operation>
			<search><![CDATA[<script type="text/javascript" src="view/javascript/bootstrap/js/bootstrap]]></search>
			<add position="before"><![CDATA[<?php } ?>]]></add>
		</operation>
		<operation>
			<search><![CDATA[<link type="text/css" href="view/stylesheet/stylesheet.css" rel="stylesheet" media="screen" />]]></search>
			<add position="after"><![CDATA[
         <?php if($is_import_page){ ?>
          <link rel="stylesheet" type="text/css" href="view/stylesheet/wps_import.css" />
          <link rel="stylesheet" type="text/css" href="view/stylesheet/tooltipster.css" />
          <script type="text/javascript" src="view/javascript/wps-import.superfish.js"></script>
        <?php } ?>
      ]]></add>
		</operation>
	</file>
</modification>